﻿Designator,Footprint,Quantity,Value,LCSC Part #
"C1, C10, C2, C3, C4, C5, C6, C7, C8, C9",C_Disc_D8.0mm_W2.5mm_P5.00mm,10,100n,
C11,CP_Axial_L11.0mm_D5.0mm_P18.00mm_Horizontal,1,22u/16,
C12,1206,1,470p,
"C13, C14",1206,2,100n,
CN1,PinHeader_2x25_P2.54mm_Vertical,1,SCSI Intern,
CR1,D_DO-34_SOD68_P12.70mm_Horizontal,1,1N4001,
"H1, H2",MountingHole_3.5mm,2,MountingHole,
J1,DSUB-25_Female_Horizontal_P2.77x2.84mm_EdgePinOffset7.70mm_Housed_MountingHolesOffset9.12mm,1,SCSI extern,
J2,BUS_XT,1,Bus_ISA_8bit,
J4,PinHeader_2x04_P2.54mm_Vertical,1,DACK/DRQ,
JP1,PinHeader_2x02_P2.54mm_Vertical,1,BIOS,
JP2,PinHeader_2x03_P2.54mm_Vertical,1,IO,
JP3,PinHeader_2x05_P2.54mm_Vertical,1,IRQ,
JP4,SolderJumper-3_P1.3mm_Bridged12_RoundedPad1.0x1.5mm,1,TRMPWRSEL,
JP6,PinHeader_1x02_P2.54mm_Vertical,1,TermPower,
R1,R_Axial_DIN0309_L9.0mm_D3.2mm_P12.70mm_Horizontal,1,4k7,
RP1,R_Array_SIP8,1,4k7,
"RP2, RP3, RP4",R_Array_SIP8,3,220E/330E,
U1,DIP-16_W7.62mm,1,74LS175,
U10,DIP-20_W7.62mm,1,PAL16L8,
U11,SOT-23-5,1,MIC5219-2.85YM5,
U2,DIP-14_W7.62mm,1,74LS125,
U3,DIP-14_W7.62mm,1,74LS14,
U4,DIP-24_W15.24mm,1,6116,
U5,DIP-40_W15.24mm,1,53C80,
U6,DIP-28_W15.24mm,1,27C128,
"U7, U8",DIP-20_W7.62mm,2,74LS688,
U9,DIP-20_W7.62mm_LongPads,1,74LS245,
